{
    "isExecute35": {
        "min": 0,
        "max": 1,
        "mean": 0.34939492733602256,
        "std": 0.4767788922423874,
        "scaling_type": "minmax",
        "is_list": false
    },
    "runeTypes": {
        "min": [
            0,
            0,
            1,
            1,
            2,
            2
        ],
        "max": [
            3,
            3,
            1,
            1,
            2,
            2
        ],
        "mean": [
            2.109320605625242,
            1.9556694479748025,
            1.0,
            1.0,
            2.0,
            2.0
        ],
        "std": [
            1.3706671366748706,
            1.4291134854105667,
            0.0,
            0.0,
            0.0,
            0.0
        ],
        "scaling_type": "minmax",
        "is_list": true
    },
    "debuffsActive": {
        "min": [
            0,
            0
        ],
        "max": [
            1,
            1
        ],
        "mean": [
            0.7212935845720285,
            0.7003923302204785
        ],
        "std": [
            0.4483627431302275,
            0.4580861425417786
        ],
        "scaling_type": "minmax",
        "is_list": true
    },
    "buffsActive": {
        "min": [
            0,
            0,
            0,
            0,
            0,
            0,
            0,
            0,
            0,
            0
        ],
        "max": [
            1,
            1,
            1,
            1,
            1,
            1,
            1,
            1,
            1,
            1
        ],
        "mean": [
            0.3500856495551749,
            0.6706843675747362,
            0.7477068022324143,
            0.46813007680831076,
            0.2964372547936122,
            0.23279410952091506,
            0.06066613250815052,
            0.23595761728463283,
            0.21768801458805326,
            0.25196165110239266
        ],
        "std": [
            0.47699652779732704,
            0.4699647291718948,
            0.4343286084611415,
            0.49898327426453465,
            0.456686116237443,
            0.4226121296097395,
            0.23871688854091164,
            0.4245958315033151,
            0.4126741364475907,
            0.4341393526002323
        ],
        "scaling_type": "minmax",
        "is_list": true
    },
    "gcdAvailable": {
        "min": 0,
        "max": 1,
        "mean": 0.058559429739735866,
        "std": 0.23479826006231994,
        "scaling_type": "minmax",
        "is_list": false
    },
    "abilityCDs": {
        "min": [
            0,
            0,
            0,
            0,
            0,
            0,
            0,
            0,
            0,
            0,
            0,
            0,
            0,
            0
        ],
        "max": [
            0,
            0,
            0,
            0,
            0,
            7950,
            0,
            59965,
            59961,
            119950,
            59950,
            19950,
            299950,
            179950
        ],
        "mean": [
            0.0,
            0.0,
            0.0,
            0.0,
            0.0,
            1377.2001782063326,
            0.0,
            31077.17533292811,
            30832.991186384483,
            88292.22648781566,
            31129.14802867879,
            7649.73628916395,
            263285.4335801514,
            128782.40614466486
        ],
        "std": [
            0.0,
            0.0,
            0.0,
            0.0,
            0.0,
            2360.7821907496727,
            0.0,
            17230.834434973764,
            17469.02032680646,
            22524.098762550555,
            17226.20394850363,
            6551.21901672549,
            47632.28728252897,
            58728.06101081756
        ],
        "scaling_type": "minmax",
        "is_list": true
    },
    "abilityGCDs": {
        "min": [
            1000,
            1500,
            1500,
            1000,
            1500,
            1000,
            1500,
            1000,
            1000,
            1000,
            1000,
            1500,
            1000,
            1000
        ],
        "max": [
            1267,
            1500,
            1500,
            1267,
            1500,
            1267,
            1500,
            1000,
            1000,
            1000,
            1000,
            1500,
            1000,
            1267
        ],
        "mean": [
            1086.0202796043543,
            1500.0,
            1500.0,
            1086.0202796043543,
            1500.0,
            1086.0202796043543,
            1500.0,
            1000.0,
            1000.0,
            1000.0,
            1000.0,
            1500.0,
            1000.0,
            1086.0202796043543
        ],
        "std": [
            123.58267930392532,
            0.0,
            0.0,
            123.58267930392532,
            0.0,
            123.58267930392532,
            0.0,
            0.0,
            0.0,
            0.0,
            0.0,
            0.0,
            0.0,
            123.58267930392532
        ],
        "scaling_type": "minmax",
        "is_list": true
    },
    "debuffDurations": {
        "min": [
            0,
            0
        ],
        "max": [
            14950,
            14950
        ],
        "mean": [
            7468.278582085429,
            7326.036428689838
        ],
        "std": [
            5587.855250562539,
            5667.732651816847
        ],
        "scaling_type": "minmax",
        "is_list": true
    },
    "buffDurations": {
        "min": [
            0,
            0,
            0,
            0,
            0,
            0,
            0,
            0,
            0,
            0
        ],
        "max": [
            19950,
            39950,
            19950,
            15000,
            9999,
            29999,
            14950,
            14000,
            11950,
            14950
        ],
        "mean": [
            3617.9359838647288,
            13441.174642205891,
            11224.566917168591,
            3693.0759380007735,
            1547.9132176603857,
            6640.2705904293525,
            716.5462507597945,
            1657.6504392993313,
            1377.7546002099796,
            1889.712383267945
        ],
        "std": [
            6034.6168001152,
            13337.55227924211,
            7471.456990268004,
            4872.5639544040405,
            2843.6161060739023,
            12076.309763848536,
            2904.0879133370318,
            3570.948933925569,
            3086.8912545569738,
            3910.833125411443
        ],
        "scaling_type": "minmax",
        "is_list": true
    },
    "gcdRemaining": {
        "min": 0,
        "max": 1491,
        "mean": 664.5288445598718,
        "std": 427.9215514544833,
        "scaling_type": "minmax",
        "is_list": false
    },
    "runeCDs": {
        "min": [
            0,
            0,
            0,
            0,
            0,
            0
        ],
        "max": [
            9950,
            9950,
            9950,
            9950,
            9950,
            9950
        ],
        "mean": [
            3365.933676852517,
            3243.919254572581,
            3619.824073050782,
            3075.6627065259436,
            3595.118217107808,
            3067.161974360391
        ],
        "std": [
            3032.9108162809607,
            3000.486724153858,
            2940.8332900347987,
            2944.883528894099,
            2988.2117951733035,
            3025.1187149796265
        ],
        "scaling_type": "minmax",
        "is_list": true
    },
    "runeGraces": {
        "min": [
            0,
            0,
            0,
            0,
            0,
            0
        ],